Source.IP,Total.Length.of.Fwd.Packets,,
172.19.1.46,132,,
10.200.7.7,12,,
50.31.185.39,674,,
50.31.185.39,0,,
192.168.72.43,1076,,
10.200.7.6,313554,,
192.168.72.43,1076,,
192.168.10.47,232,,
68.67.178.197,6904,,
192.168.72.43,2210,,
10.200.7.4,6494,,
10.200.7.4,9991,,
10.200.7.4,5611,,
10.200.7.4,5611,,
10.200.7.6,192822,,
212.124.124.94,174,,
10.200.7.4,1861,,
10.200.7.4,998,,
10.200.7.4,998,,
172.217.30.13,0,,
172.217.30.13,126,,
10.200.7.9,55282,,
10.200.7.9,0,,
10.200.7.9,0,,
192.168.32.49,270,,
10.200.7.9,12,,
65.55.44.54,7701,,
192.168.72.43,940,,
192.168.72.43,2360,,
192.168.180.51,3355,,
10.200.7.4,1004,,
10.200.7.4,6,,
192.168.180.51,1664,,
10.200.7.4,998,,
192.168.180.51,12,,
192.168.72.43,870,,
192.168.72.43,1388,,
10.200.7.217,922,,
10.200.7.217,0,,
192.168.180.51,1992,,
192.168.72.43,1502,,
10.200.7.5,30,,
10.200.7.5,323,,
192.168.180.37,2214,,
10.200.7.9,0,,
10.200.7.199,2070,,
10.200.7.9,0,,
192.168.72.43,3006,,
10.200.7.196,1405,,
10.200.7.196,0,,
192.168.51.50,1631,,
192.168.51.50,12,,
172.19.1.58,889,,
10.200.7.8,12,,
192.168.72.43,1074,,
10.200.7.217,11598,,
10.200.7.217,0,,
10.200.7.5,3713,,
10.200.7.5,6609,,
10.200.7.5,3689,,
10.200.7.217,4858,,
10.200.7.217,0,,
192.168.72.43,864,,
10.200.7.217,2324,,
10.200.7.217,0,,
192.168.10.47,232,,
10.200.7.217,2336,,
10.200.7.217,0,,
172.19.1.57,919,,
192.168.72.43,2154,,
192.168.72.43,10010,,
172.19.1.64,1194,,
192.168.180.37,2214,,
10.200.7.9,0,,
10.200.7.199,2070,,
10.200.7.9,0,,
10.200.7.9,0,,
192.168.72.43,6925,,
10.200.7.195,169,,
179.1.4.231,126,,
192.168.72.43,994,,
179.1.4.210,126,,
10.200.7.195,169,,
192.168.42.31,669,,
10.200.7.195,443,,
192.168.42.31,669,,
10.200.7.5,12,,
216.58.202.225,2836,,
10.200.7.5,12,,
10.200.7.5,12,,
10.200.7.5,12,,
192.168.42.31,669,,
10.200.7.195,443,,
10.200.7.5,12,,
10.200.7.5,12,,
192.168.42.31,669,,
10.200.7.195,443,,
10.200.7.5,12,,
10.200.7.5,12,,
10.200.7.195,169,,
10.200.7.217,0,,
10.200.7.196,293,,
10.200.7.195,171,,
192.168.10.47,232,,
10.200.7.6,4386,,
10.200.7.6,2932,,
10.200.7.7,19232,,
216.58.212.195,9232,,
10.200.7.7,12,,
172.217.29.69,2778,,
216.58.202.234,9248,,
192.168.180.37,766,,
192.168.180.37,0,,
10.200.7.199,424,,
10.200.7.9,0,,
10.200.7.9,0,,
216.58.202.225,368,,
10.200.7.195,171,,
192.168.72.43,1106,,
179.1.4.217,0,,
179.1.4.217,110,,
192.168.32.49,1917,,
10.200.7.199,1692,,
10.200.7.9,12,,
10.200.7.9,12,,
10.200.7.195,171,,
10.200.7.4,412574,,
10.200.7.194,2277,,
10.200.7.194,12,,
192.168.180.51,2502,,
192.168.180.51,12,,
10.200.7.194,817,,
10.200.7.194,12,,
192.168.180.51,1042,,
10.200.7.4,12,,
10.200.7.4,964,,
10.200.7.4,6,,
10.200.7.199,164,,
10.200.7.194,817,,
192.168.180.51,2502,,
10.200.7.4,6,,
10.200.7.194,3211,,
10.200.7.194,12,,
192.168.180.51,3436,,
10.200.7.4,1540,,
192.168.180.51,12,,
10.200.7.194,3212,,
10.200.7.194,12,,
192.168.180.51,3437,,
10.200.7.4,776,,
10.200.7.4,770,,
192.168.180.51,12,,
10.200.7.217,92,,
10.200.7.199,164,,
172.19.1.57,931,,
10.200.7.7,12,,
192.168.180.37,2214,,
10.200.7.9,0,,
10.200.7.199,2070,,
10.200.7.9,0,,
10.200.7.199,164,,
10.200.7.6,929842,,
10.200.7.199,166,,
205.185.208.78,0,,
205.185.208.78,62,,
10.200.7.194,3193,,
10.200.7.194,12,,
192.168.180.51,3412,,
10.200.7.4,1029,,
192.168.180.51,6,,
10.200.7.4,1029,,
192.168.180.51,12,,
10.200.7.199,166,,
192.168.220.177,907,,
192.168.220.177,2707,,
192.168.220.177,780,,
192.168.220.177,2499,,
10.200.7.196,880,,
10.200.7.6,12,,
10.200.7.6,12,,
10.200.7.6,12,,
10.200.7.6,12,,
10.200.7.6,392942,,
10.200.7.199,166,,
192.168.10.47,232,,
192.168.180.29,1096,,
10.200.7.217,648,,
192.168.180.29,6,,
10.200.7.7,12,,
10.200.7.194,2277,,
192.168.180.51,2258,,
10.200.7.4,485,,
10.200.7.4,485,,
10.200.7.4,485,,
192.168.180.51,12,,
10.200.7.196,293,,
10.200.7.194,2033,,
192.168.180.51,2502,,
10.200.7.4,485,,
192.168.180.51,12,,
10.200.1.166,62,,
10.200.1.166,31,,
10.200.7.194,2277,,
192.168.180.51,2502,,
10.200.7.4,485,,
10.200.7.194,2275,,
192.168.180.51,2500,,
10.200.7.4,485,,
10.200.7.4,485,,
10.200.7.4,485,,
192.168.180.51,12,,
10.200.7.217,154,,
192.168.180.51,12,,
192.168.180.29,6584,,
10.200.7.217,2501,,
192.168.180.29,6,,
10.200.7.7,12,,
10.200.7.194,1293,,
10.200.7.194,12,,
192.168.180.51,532,,
10.200.7.4,12,,
10.200.7.4,1534,,
10.200.7.4,6,,
10.200.7.217,12,,
192.168.130.245,1254,,
10.200.7.217,746,,
192.168.130.245,6,,
10.200.7.7,12,,
172.19.1.46,783,,
10.200.7.217,6,,
10.200.7.217,0,,
192.168.180.29,1628,,
10.200.7.217,1132,,
192.168.180.29,6,,
10.200.7.7,12,,
10.200.7.6,37820,,
10.200.7.196,1104,,
10.200.7.6,12,,
10.200.7.217,114,,
192.168.180.37,766,,
10.200.7.9,0,,
10.200.7.199,2094,,
10.200.7.9,0,,
192.168.90.65,252,,
10.200.7.8,328,,
10.200.7.8,322,,
192.168.10.41,331,,
10.200.7.9,12,,
10.200.7.9,12,,
10.200.7.217,6,,
10.200.7.194,4212,,
192.168.180.51,4437,,
10.200.7.4,770,,
10.200.7.4,770,,
192.168.180.51,12,,
192.168.81.7,786,,
10.200.7.194,170,,
10.200.7.194,4215,,
10.200.7.194,12,,
192.168.180.51,4440,,
10.200.7.4,12,,
10.200.7.4,12,,
192.168.180.51,12,,
172.217.30.10,126,,
10.200.7.194,170,,
192.168.180.37,609,,
10.200.7.199,2058,,
10.200.7.9,0,,
10.200.7.9,0,,
192.168.10.47,232,,
10.200.7.194,170,,
10.200.7.194,172,,
192.168.151.4,233,,
192.168.151.4,233,,
10.200.7.194,172,,
192.168.32.49,270,,
10.200.7.9,12,,
10.200.7.9,12,,
10.200.7.196,293,,
172.19.1.46,306,,
10.200.7.194,172,,
192.168.180.37,766,,
10.200.7.199,622,,
10.200.7.9,0,,
10.200.7.9,0,,
192.168.151.4,233,,
192.168.72.43,9760,,
192.168.72.43,5102,,
192.168.72.43,2056,,
192.168.72.43,1074,,
192.168.72.43,2834,,
192.168.72.43,500,,
192.168.72.43,818,,
192.168.72.43,2016,,
192.168.72.43,2016,,
192.168.72.43,1928,,
10.200.7.217,1466,,
10.200.7.217,1466,,
10.200.7.217,1466,,
10.200.7.217,0,,
10.200.7.217,0,,
10.200.7.217,0,,
216.138.192.140,24403,,
10.200.7.194,991,,
172.19.1.46,306,,
10.200.7.7,12,,
192.168.180.37,2214,,
10.200.7.9,0,,
10.200.7.199,2094,,
10.200.7.9,0,,
192.168.10.47,232,,
192.168.180.51,811,,
10.200.7.194,535,,
10.200.7.4,12,,
10.200.7.4,12,,
192.168.180.51,610,,
10.200.7.194,580,,
10.200.7.194,1287,,
10.200.7.194,1689,,
10.200.7.194,0,,
192.168.180.51,1920,,
10.200.7.4,753,,
192.168.180.51,12,,
179.1.4.223,4662,,
172.19.1.57,1057,,
192.168.72.43,1234,,
10.200.7.6,836381,,
10.200.7.6,12,,
10.230.1.222,270,,
192.168.32.18,227,,
192.168.102.25,5765,,
10.200.7.218,2793,,
10.200.7.196,293,,
10.200.7.6,651851,,
10.230.1.222,286,,
192.168.72.43,3588,,
192.168.72.43,1250,,
10.200.7.217,1126,,
192.168.72.43,1970,,
10.200.7.217,1466,,
192.168.180.37,2214,,
10.200.7.9,2800,,
10.200.7.199,2088,,
10.200.7.9,0,,
192.168.72.43,1403,,
10.200.7.217,1466,,
192.168.180.16,1381,,
10.200.7.5,0,,
10.200.7.195,1132,,
10.200.7.5,0,,
10.200.7.217,21581,,
107.178.244.119,110,,
10.200.7.217,0,,
10.200.7.217,561,,
10.200.7.217,0,,
172.19.1.46,705,,
10.200.7.5,231,,
192.168.32.18,6,,
10.200.7.217,1134,,
10.200.7.217,0,,
10.200.7.9,1515,,
10.200.7.9,0,,
10.200.7.9,0,,
10.200.7.218,0,,
107.178.254.65,0,,
192.168.10.47,232,,
10.200.7.6,12,,
10.200.7.6,5094,,
10.200.7.6,2174,,
10.200.7.217,0,,
10.200.7.217,1132,,
172.19.1.46,495,,
10.200.7.7,12,,
10.200.7.217,562,,
192.168.72.43,7892,,
10.200.7.6,1073634,,
192.168.220.174,704,,
10.200.7.196,469,,
10.200.7.6,12,,
10.200.7.6,12,,
192.168.72.43,15334,,
192.168.72.43,17864,,
192.168.180.37,2016,,
10.200.7.9,0,,
10.200.7.199,2070,,
10.200.7.9,0,,
192.168.72.43,6216,,
10.200.7.217,5442,,
179.1.4.231,0,,
179.1.4.231,126,,
10.200.7.217,0,,
10.200.7.217,2520,,
10.200.7.217,2524,,
10.200.7.217,2564,,
179.1.4.223,0,,
192.168.72.43,27712,,
192.168.131.39,2848,,
192.168.180.37,2214,,
10.200.7.9,0,,
10.200.7.199,2070,,
192.168.131.39,6,,
10.200.7.7,12,,
10.200.7.196,293,,
10.200.7.217,1134,,
10.200.7.217,0,,
10.200.7.217,4664,,
10.200.7.217,2598,,
192.168.10.47,226,,
10.200.7.217,0,,
10.200.7.217,0,,
192.168.32.49,2799,,
192.168.32.49,1854,,
192.168.32.49,1626,,
10.200.7.199,1082,,
10.200.7.9,12,,
10.200.7.199,1904,,
10.200.7.9,12,,
10.200.7.9,12,,
10.200.7.9,12,,
10.200.7.199,222,,
10.200.7.217,0,,
10.200.7.194,171,,
10.230.1.110,555,,
192.168.72.43,7850,,
172.19.1.57,1051,,
192.168.72.43,2436,,
10.200.7.217,18525,,
10.200.7.217,0,,
68.67.178.170,24936,,
10.200.7.194,171,,
192.168.72.43,4114,,
192.168.72.43,4912,,
192.168.180.37,2214,,
10.200.7.9,0,,
10.200.7.199,2070,,
10.200.7.9,0,,
10.200.7.9,0,,
192.168.90.30,1164,,
10.200.7.4,0,,
10.200.7.194,1164,,
10.200.7.4,0,,
10.200.7.194,171,,
192.168.90.100,1766,,
10.200.7.196,1531,,
10.200.7.6,12,,
10.200.7.6,12,,
192.168.90.100,1000,,
192.168.90.100,1000,,
10.200.7.196,733,,
192.168.90.100,1000,,
192.168.90.100,1000,,
192.168.90.100,1000,,
10.200.7.196,733,,
10.200.7.196,733,,
10.200.7.196,733,,
10.200.7.196,733,,
10.200.7.6,733356,,
192.168.72.43,14512,,
10.200.7.194,173,,
10.200.7.217,4220,,
10.200.7.199,491,,
10.200.7.217,0,,
10.200.7.199,0,,
192.168.50.5,512,,
10.200.7.199,476,,
10.200.7.217,2590,,
10.200.7.217,2538,,
192.168.72.43,2484,,
10.200.7.194,173,,
192.168.72.43,2432,,
192.168.180.51,807,,
10.200.7.194,568,,
10.200.7.4,12,,
192.168.180.51,807,,
10.200.7.194,568,,
10.200.7.4,12,,
10.200.7.4,12,,
192.168.180.51,807,,
10.200.7.194,568,,
10.200.7.4,12,,
10.200.7.4,12,,
192.168.180.51,538,,
10.200.7.194,313,,
10.200.7.4,12,,
10.200.7.4,12,,
192.168.180.51,538,,
10.200.7.194,313,,
10.200.7.4,12,,
10.200.7.4,12,,
192.168.42.31,2722,,
192.168.42.31,681,,
10.200.7.195,1690,,
192.168.42.31,675,,
10.200.7.5,12,,
10.200.7.5,12,,
10.200.7.195,443,,
10.200.7.195,443,,
192.168.42.31,2050,,
192.168.42.31,3792,,
10.200.7.5,12,,
10.200.7.5,12,,
192.168.42.31,7079,,
10.200.7.195,1810,,
10.200.7.195,3531,,
10.200.7.5,12,,
10.200.7.5,12,,
10.200.7.195,6949,,
10.200.7.5,12,,
192.168.42.31,3751,,
10.200.7.195,2828,,
10.200.7.5,12,,
192.168.42.31,1874,,
10.200.7.195,1614,,
10.200.7.5,12,,
192.168.42.31,1375,,
10.200.7.5,12,,
10.200.7.5,12,,
172.19.1.46,312,,
10.200.7.195,1121,,
10.200.7.5,12,,
192.168.42.31,2044,,
10.200.7.5,12,,
10.200.7.195,2038,,
192.168.32.49,1615,,
10.200.7.199,1377,,
10.200.7.9,12,,
10.200.7.9,12,,
192.168.32.49,573,,
10.200.7.199,313,,
10.200.7.9,12,,
192.168.180.51,538,,
10.200.7.194,313,,
10.200.7.4,12,,
10.200.7.4,12,,
10.200.7.9,1265528,,
10.200.7.9,12,,
10.200.7.9,12,,
192.168.50.5,730,,
10.200.7.199,476,,
192.168.50.5,466,,
10.200.7.199,476,,
172.19.1.46,312,,
192.168.50.5,730,,
10.200.7.199,476,,
192.168.50.5,730,,
10.200.7.199,476,,
192.168.50.5,730,,
192.168.50.5,730,,
10.200.7.199,476,,
179.1.4.217,338352,,
10.200.7.199,476,,
10.200.7.194,173,,
10.200.7.217,2634,,
10.200.7.6,44049,,
10.200.7.196,1725,,
10.200.7.6,12,,
10.200.7.6,12,,
192.168.180.37,2214,,
10.200.7.199,2064,,
10.200.7.9,0,,
10.200.7.9,0,,
10.200.7.217,2644,,
10.200.7.217,2624,,
10.200.7.194,2464,,
10.200.7.194,12,,
192.168.180.51,2689,,
10.200.7.4,12,,
192.168.180.51,12,,
192.168.72.43,1273,,
10.200.7.217,2596,,
192.168.72.43,2518,,
192.168.72.43,6586,,
192.168.72.43,12820,,
192.168.72.43,1614,,
10.200.7.217,1136,,
10.200.7.199,10397,,
10.200.7.217,0,,
192.168.10.47,232,,
10.200.7.6,5094,,
10.200.7.6,2174,,
10.200.7.196,293,,
192.168.180.63,46,,
192.168.180.63,89,,
192.168.180.51,811,,
10.200.7.194,586,,
10.200.7.4,12,,
10.200.7.4,12,,
10.200.7.6,1118806,,
10.200.7.6,12,,
172.19.1.46,312,,
192.168.180.51,811,,
10.200.7.194,69,,
10.200.7.4,12,,
10.200.7.4,12,,
192.168.72.43,8108,,
172.19.1.46,306,,
10.200.7.7,12,,
10.200.7.196,481,,
10.200.7.196,0,,
192.168.220.177,411,,
10.200.7.6,699,,
10.200.7.6,699,,
192.168.180.51,811,,
10.200.7.194,586,,
10.200.7.4,12,,
10.200.7.4,12,,
192.168.180.51,819,,
10.200.7.194,568,,
10.200.7.4,12,,
10.200.7.4,12,,
10.200.7.194,1767,,
10.200.7.194,12,,
192.168.180.51,3446,,
10.200.7.4,998,,
192.168.180.51,12,,
172.19.1.46,312,,
172.19.1.46,306,,
192.168.90.102,988,,
10.200.7.199,733,,
192.168.90.102,988,,
10.200.7.199,733,,
192.168.90.102,988,,
192.168.90.102,471,,
10.200.7.199,733,,
10.200.7.199,733,,
192.168.90.102,988,,
10.200.7.199,733,,
192.168.90.102,988,,
192.168.90.102,988,,
10.200.7.199,733,,
10.200.7.199,733,,
192.168.90.102,988,,
10.200.7.199,216,,
192.168.90.102,994,,
10.200.7.199,733,,
192.168.90.102,994,,
10.200.7.199,733,,
192.168.90.102,772,,
10.200.7.199,733,,
10.200.7.194,2584,,
10.200.7.194,12,,
192.168.180.51,1992,,
10.200.7.4,4218,,
10.200.7.4,6,,
192.168.180.37,2214,,
10.200.7.9,0,,
10.200.7.199,2070,,
10.200.7.9,0,,
192.168.180.51,2020,,
10.200.7.194,1248,,
10.200.7.4,12,,
10.200.7.4,12,,
192.168.72.43,577,,
10.200.7.4,44263,,
10.200.7.194,1719,,
10.200.7.4,12,,
192.168.180.51,2026,,
10.200.7.194,1765,,
10.200.7.4,12,,
10.200.7.4,12,,
192.168.180.51,1982,,
10.200.7.194,1721,,
10.200.7.4,12,,
10.200.7.4,12,,
192.168.72.43,1076,,
10.200.7.196,2299,,
10.200.7.196,0,,
192.168.220.177,2538,,
10.200.7.194,393,,
192.168.180.51,3538,,
10.200.7.4,4276,,
10.200.7.4,2816,,
10.200.7.4,2816,,
192.168.220.177,12,,
10.200.7.196,515,,
10.200.7.196,0,,
192.168.180.51,12,,
192.168.180.51,302,,
10.200.7.194,568,,
10.200.7.4,12,,
10.200.7.4,12,,
192.168.180.51,819,,
10.200.7.194,51,,
10.200.7.4,12,,
10.200.7.4,12,,
192.168.10.47,232,,
10.200.7.6,3640,,
172.19.1.58,756,,
10.200.7.8,12,,
10.200.7.194,1853,,
10.200.7.194,12,,
192.168.180.51,2078,,
10.200.7.4,12,,
192.168.220.177,18,,
10.200.7.6,12,,
10.200.7.6,12,,
192.168.180.51,1712,,
10.200.7.194,1457,,
10.200.7.4,12,,
10.200.7.4,12,,
192.168.180.51,12,,
10.200.7.217,2616,,
10.200.7.196,575,,
10.200.7.196,0,,
192.168.220.177,519,,
192.168.180.51,2010,,
10.200.7.194,1765,,
10.200.7.4,12,,
10.200.7.4,12,,
10.200.7.196,574,,
192.168.72.43,946,,
10.200.7.196,0,,
10.200.7.194,3314,,
192.168.180.51,619,,
10.200.7.4,2926,,
10.200.7.4,1204,,
10.200.7.196,874,,
10.200.7.196,0,,
10.200.7.4,6,,
192.168.51.50,1536,,
10.200.7.196,878,,
192.168.180.18,46,,
172.19.1.57,961,,
10.200.7.7,12,,
10.200.7.194,3221,,
192.168.180.51,532,,
10.200.7.4,12,,
10.200.7.4,1004,,
10.200.7.9,34960,,
192.168.180.51,12,,
10.200.7.9,0,,
10.200.7.199,640,,
10.200.7.9,0,,
192.168.72.43,2522,,
10.200.7.4,193851,,
10.200.7.4,12,,
10.200.7.194,2977,,
10.200.7.194,12,,
192.168.180.51,3440,,
10.200.7.4,12,,
10.200.7.194,3221,,
10.200.7.194,12,,
192.168.180.51,3446,,
10.200.7.4,12,,
10.200.7.4,12,,
192.168.180.51,12,,
192.168.180.51,12,,
10.200.7.196,293,,
192.168.180.51,1746,,
10.200.7.4,12,,
10.200.7.194,1473,,
10.200.7.4,12,,
192.168.72.43,946,,
192.168.180.51,1874,,
10.200.7.194,1601,,
10.200.7.4,12,,
10.200.7.4,12,,
192.168.220.177,18,,
10.200.7.6,12,,
10.200.7.6,12,,
10.200.7.194,1175,,
192.168.180.51,1390,,
10.200.7.4,544,,
10.200.7.4,281,,
10.200.7.196,878,,
10.200.7.196,0,,
192.168.72.43,946,,
192.168.180.51,296,,
10.200.7.194,69,,
10.200.7.4,12,,
10.200.7.4,12,,
192.168.180.51,12,,
10.200.7.217,0,,
192.168.51.50,1155,,
192.168.51.50,12,,
10.200.7.194,1761,,
192.168.180.51,532,,
10.200.7.4,12,,
10.200.7.4,12,,
192.168.180.51,12,,
10.200.7.199,166,,
192.168.180.51,2020,,
10.200.7.194,1765,,
10.200.7.4,12,,
10.200.7.4,12,,
10.200.7.9,2458894,,
10.200.7.199,0,,
10.200.7.194,307,,
10.200.7.194,12,,
10.200.7.4,3869,,
10.200.7.4,12,,
10.200.7.4,996,,
10.200.7.199,166,,
10.200.1.118,0,,
10.200.1.118,0,,
192.168.180.51,2026,,
199.101.133.139,5511,,
10.200.7.4,12,,
192.168.180.37,562,,
10.200.7.9,0,,
10.200.7.199,2052,,
10.200.7.217,2060,,
10.200.7.9,0,,
10.200.7.217,0,,
10.200.7.195,685,,
192.168.10.27,1633,,
10.200.7.5,581,,
10.200.7.5,581,,
10.200.7.194,1107,,
10.200.7.194,12,,
192.168.180.51,1322,,
10.200.7.4,12,,
192.168.180.51,12,,
10.200.7.5,0,,
10.200.7.199,166,,
10.200.7.217,1038,,
10.200.7.199,168,,
10.200.7.194,2277,,
192.168.180.51,2502,,
10.200.7.4,485,,
199.101.133.139,37,,
192.168.180.51,12,,
10.200.7.194,307,,
10.200.7.194,12,,
192.168.180.51,1608,,
10.200.7.4,770,,
10.200.7.4,770,,
10.200.7.4,770,,
192.168.180.51,12,,
192.168.72.43,1966,,
192.168.72.43,1641,,
192.168.72.43,3721,,
10.200.7.194,1767,,
192.168.72.43,3763,,
192.168.180.51,1002,,
10.200.7.4,485,,
10.200.7.4,485,,
192.168.180.51,12,,
10.200.7.199,168,,
192.168.10.47,232,,
10.200.7.6,714,,
10.200.7.194,63,,
10.200.7.6,1472,,
192.168.180.51,1326,,
10.200.7.4,275,,
10.200.7.4,275,,
192.168.180.51,12,,
10.200.7.199,168,,
10.200.7.194,1812,,
10.200.7.194,12,,
192.168.180.51,571,,
10.200.7.4,15629,,
10.200.7.4,6,,
192.168.72.43,2146,,
10.200.7.194,4306,,
192.168.180.51,4531,,
10.200.7.4,770,,
10.200.7.4,770,,
10.200.7.4,12,,
192.168.180.51,12,,
10.200.7.194,1025,,
192.168.180.51,1226,,
10.200.7.4,1622,,
10.200.7.4,1778,,
10.200.7.4,6,,
10.200.7.194,2277,,
10.200.7.194,12,,
192.168.180.51,2502,,
10.200.7.4,964,,
10.200.7.6,938865,,
192.168.180.51,12,,
192.168.180.37,2214,,
10.200.7.199,2064,,
10.200.7.9,0,,
10.200.7.9,0,,
10.200.7.196,1029,,
10.200.7.194,1242,,
192.168.180.51,1461,,
10.200.7.4,782,,
10.200.7.4,782,,
10.200.7.4,782,,
192.168.180.51,12,,
172.19.1.58,937,,
192.168.72.34,3024,,
10.200.7.217,2043,,
10.200.7.217,0,,
10.200.7.196,672,,
10.200.7.196,0,,
172.19.1.46,1125,,
10.200.7.7,12,,
10.200.7.194,4316,,
192.168.180.51,3069,,
10.200.7.4,770,,
10.200.7.194,2416,,
192.168.41.47,341,,
10.200.7.6,12,,
10.200.7.6,12,,
10.200.7.194,12,,
192.168.180.51,2641,,
213.239.207.69,1626,,
10.200.7.217,2084,,
192.168.180.51,12,,
192.168.180.51,12,,
192.168.41.47,330,,
10.200.7.6,12,,
10.200.7.6,12,,
192.168.10.121,225,,
10.200.7.9,12,,
10.200.7.9,12,,
10.200.7.194,2277,,
10.200.7.194,12,,
192.168.180.51,1036,,
10.200.7.4,485,,
10.200.7.4,485,,
192.168.180.51,12,,
192.168.112.14,2172,,
10.200.7.194,2463,,
10.200.7.194,1398,,
192.168.180.51,1611,,
192.168.180.51,12,,
91.216.63.240,1354,,
91.216.63.240,0,,
10.200.7.194,3212,,
10.200.7.194,12,,
192.168.180.51,3437,,
10.200.7.4,770,,
10.200.7.4,770,,
192.168.10.82,1422,,
10.200.7.6,12,,
10.200.7.6,12,,
10.200.7.196,1130,,
192.168.180.51,12,,
10.200.7.194,3793,,
10.200.7.194,12,,
192.168.180.51,4006,,
10.200.7.4,13196,,
10.200.7.4,7356,,
10.200.7.4,7356,,
10.200.7.194,3212,,
10.200.7.194,12,,
192.168.180.51,3437,,
10.200.7.4,770,,
192.168.180.51,18,,
192.168.180.37,2183,,
10.200.7.9,0,,
10.200.7.199,622,,
10.200.7.9,0,,
10.200.7.9,0,,
192.168.180.51,12,,
192.168.10.47,232,,
10.200.7.6,12,,
10.200.7.6,4386,,
10.200.7.194,2275,,
192.168.180.51,809,,
10.200.7.4,12,,
192.168.131.39,444,,
192.168.131.39,6,,
10.200.7.7,12,,
192.168.180.51,12,,
192.168.131.39,774,,
192.168.131.39,6,,
192.168.72.58,543,,
10.200.7.199,507,,
192.168.180.51,821,,
10.200.7.4,351,,
10.200.7.194,1119,,
10.200.7.4,351,,
10.200.7.4,351,,
192.168.180.51,12,,
10.200.7.196,2283,,
10.200.7.217,1960,,
10.200.7.194,2338,,
192.168.180.51,2563,,
10.200.7.4,696,,
192.168.180.51,12,,
192.168.130.245,1248,,
192.168.180.37,2214,,
10.200.7.199,2070,,
10.200.7.9,0,,
10.200.7.9,0,,
10.200.7.217,300,,
192.168.130.245,6,,
10.200.7.7,12,,
10.200.7.217,0,,
10.200.7.217,3924,,
192.168.32.35,330,,
10.200.7.217,3954,,
91.216.63.240,38157,,
91.216.63.240,0,,
192.168.220.177,899,,
10.200.7.6,12,,
10.200.7.196,293,,
172.19.1.57,980,,
192.168.10.47,232,,
10.200.7.194,2249,,
10.200.7.194,12,,
192.168.180.51,1002,,
10.200.7.4,500,,
10.200.7.4,506,,
